{
  "run_id": "cpu-exhaust-1784781485",
  "snapshot_sha": "fc4d730527d4821f331369640f9113e8e035171ab1a04e085aed3843650e56ae",
  "target": "absolute",
  "horizon": 1,
  "evaluation_domain": "cse",
  "baseline_rank_ic": 0.2526,
  "screen_top": [
    {
      "model": "hgb_bagged",
      "cal_rank_ic": 0.2402283287412517,
      "test_rank_ic": 0.25889798500589584,
      "error": null
    }
  ],
  "nested_per_model": {
    "hgb_bagged": {
      "rank_ic": 0.24998039058543178,
      "sessions": 117,
      "n_rows": 20660,
      "balanced_accuracy": 0.5862023125089817,
      "mcc": 0.17721311593673963,
      "spread_112": -0.013419293417237178,
      "spread_30": 0.01324943039707487,
      "beats_baseline": false
    },
    "double_ensemble_native": {
      "rank_ic": 0.2258100302960566,
      "sessions": 117,
      "n_rows": 20660,
      "balanced_accuracy": 0.5648867073160716,
      "mcc": 0.13118623471084187,
      "spread_112": -0.008098535239029528,
      "spread_30": 0.016852292926994715,
      "beats_baseline": false
    }
  },
  "nested_contract_met": false,
  "hyper_best_test": [
    null
  ],
  "any_beats_baseline": false
}
